State,Month,Handle,Revenue,Hold,Taxes
Arizona,9/1/2021,291212868,32308342,0.111,31393
Arizona,10/1/2021,486097352,37510371,0.077,1022841
Arizona,11/1/2021,466725687,51416143,0.11,3177148
Arizona,12/1/2021,499213733,39822928,0.08,1723902
Arizona,1/1/2022,563694591,41890200,0.074,1952971
Arizona,2/1/2022,491665554,25629835,0.052,670686
Arizona,3/1/2022,690979294,38898393,0.056,1864457
Arizona,4/1/2022,512877848,30441992,0.059,1647450
Arizona,5/1/2022,461450688,56193286,0.122,4125125
Arizona,6/1/2022,318774198,12601356,0.04,766831
Arizona,7/1/2022,290511533,22684581,0.078,1496427
Arizona,8/1/2022,361008835,37161759,0.103,2767590
Arizona,9/1/2022,537966149,56428816,0.105,3058838
Arizona,10/1/2022,618570296,49392417,0.08,2963716
Arizona,11/1/2022,616855045,56028195,0.091,3876208
Arizona,12/1/2022,572490899,55581725,0.097,3724395
Arizona,1/1/2023,591220794,47486817,0.08,2886502
Arizona,2/1/2023,609278096,35412452,0.058,1609581
Arizona,3/1/2023,644763991,53523947,0.083,3704268
Arizona,4/1/2023,535712027,49163323,0.092,3429846
Arizona,5/1/2023,451717025,49458507,0.109,3376059
Arizona,6/1/2023,393198858,28331608,0.072,1633356
Arizona,7/1/2023,323211485,35343495,0.109,2678598
Arizona,8/1/2023,358875474,31681151,0.088,2128096
Arizona,9/1/2023,610716285,60115066,0.098,3243222
Arizona,10/1/2023,648208573,56868981,0.088,3287799
Arizona,11/1/2023,713586704,42333282,0.059,2023887
Arizona,12/1/2023,693310960,67697686,0.098,4817325
Arizona,1/1/2024,706382861,70943718,0.1,4610005
Arizona,2/1/2024,637485879,54329589,0.085,2788885
Arizona,3/1/2024,759807633,59289055,0.078,3784200
Arizona,4/1/2024,656322666,64489906,0.098,4328378
Arizona,5/1/2024,568493315,62444214,0.11,4307143
Arkansas,7/1/2019,416160,76885,0.185,9995
Arkansas,8/1/2019,778249,58858,0.076,7652
Arkansas,9/1/2019,2252196,183044,0.081,23796
Arkansas,10/1/2019,2216369,380006,0.171,49401
Arkansas,11/1/2019,2978235,181497,0.061,23595
Arkansas,12/1/2019,2633806,455368,0.173,59198
Arkansas,1/1/2020,2587732,254811,0.098,33263
Arkansas,2/1/2020,4294366,411589,0.096,67494
Arkansas,3/1/2020,1588403,222373,0.14,38310
Arkansas,4/1/2020,0,0,,0
Arkansas,5/1/2020,509,-115,-0.226,-15
Arkansas,6/1/2020,1189,10,0.008,1
Arkansas,7/1/2020,179315,-19633,-0.109,-2552
Arkansas,8/1/2020,1008992,69625,0.069,9051
Arkansas,9/1/2020,3958748,397095,0.1,51622
Arkansas,10/1/2020,6559859,940513,0.143,122267
Arkansas,11/1/2020,6288249,975984,0.155,126878
Arkansas,12/1/2020,6415446,1054273,0.164,137055
Arkansas,1/1/2021,7187194,1383240,0.192,180474
Arkansas,2/1/2021,4469442,651239,0.146,92922
Arkansas,3/1/2021,5947427,805182,0.135,130877
Arkansas,4/1/2021,4065703,756328,0.186,131137
Arkansas,5/1/2021,3687207,506142,0.137,81710
Arkansas,6/1/2021,3895683,382940,0.098,59088
Arkansas,7/1/2021,2908833,449040,0.154,58375
Arkansas,8/1/2021,2892285,310481,0.107,40363
Arkansas,9/1/2021,7007774,809404,0.116,105223
Arkansas,10/1/2021,9506183,803567,0.085,104464
Arkansas,11/1/2021,8380191,1623434,0.194,211047
Arkansas,12/1/2021,7794292,130305,0.017,6188
Arkansas,1/1/2022,8775932,1181335,0.135,153574
Arkansas,2/1/2022,5876444,359103,0.061,61390
Arkansas,3/1/2022,10686501,791867,0.074,119671
Arkansas,4/1/2022,8598226,749810,0.087,120297
Arkansas,5/1/2022,10185647,615576,0.06,117426
Arkansas,6/1/2022,12632207,4045,0,12598
Arkansas,7/1/2022,9290467,854436,0.092,111077
Arkansas,8/1/2022,10195911,1015339,0.1,131994
Arkansas,9/1/2022,21185547,3208032,0.151,417044
Arkansas,10/1/2022,26879107,2793719,0.104,363183
Arkansas,11/1/2022,30576009,2999450,0.098,452393
Arkansas,12/1/2022,30936485,3409972,0.11,449690
Arkansas,1/1/2023,32976264,2868244,0.087,439379
Arkansas,2/1/2023,29532263,1709714,0.058,254925
Arkansas,3/1/2023,37474412,4264047,0.114,626042
Arkansas,4/1/2023,25452659,2336023,0.092,349633
Arkansas,5/1/2023,22777209,2293281,0.101,458656
Arkansas,6/1/2023,22708945,1334973,0.059,266995
Arkansas,7/1/2023,17577626,2077422,0.118,270065
Arkansas,8/1/2023,22553214,1673538,0.074,217560
Arkansas,9/1/2023,41002257,3992930,0.097,519081
Arkansas,10/1/2023,44986803,5825161,0.129,757271
Arkansas,11/1/2023,54770449,3018845,0.055,392450
Arkansas,12/1/2023,52952226,5762757,0.109,783089
Arkansas,1/1/2024,50698701,5855921,0.116,894654
Arkansas,2/1/2024,40947811,2672209,0.065,413682
Arkansas,3/1/2024,50031696,3406749,0.068,510490
Arkansas,4/1/2024,41763742,3788712,0.091,568356
Arkansas,5/1/2024,39823867,3556977,0.089,700934
Arkansas,6/1/2024,31416492,3227769,0.103,645554
Colorado,5/1/2020,25621762,2565729,0.1,96545
Colorado,6/1/2020,38136949,3484015,0.091,217945
Colorado,7/1/2020,59183620,5196599,0.088,239153
Colorado,8/1/2020,128646209,7519599,0.058,189326
Colorado,9/1/2020,207655943,4166334,0.02,69772
Colorado,10/1/2020,210719821,17402409,0.083,806618
Colorado,11/1/2020,231238842,18354655,0.079,780635
Colorado,12/1/2020,284551472,17151867,0.06,531495
Colorado,1/1/2021,326903462,23144535,0.071,1194690
Colorado,2/1/2021,266549207,10444810,0.039,333976
Colorado,3/1/2021,300990842,20365119,0.068,1061008
Colorado,4/1/2021,244446760,17563939,0.072,1083812
Colorado,5/1/2021,248968193,15129108,0.061,633896
Colorado,6/1/2021,229764688,19730957,0.086,1186455
Colorado,7/1/2021,181327995,15652461,0.086,999111
Colorado,8/1/2021,211918185,15228343,0.072,728518
Colorado,9/1/2021,408314625,22658630,0.055,483048
Colorado,10/1/2021,491453342,28616708,0.058,1246804
Colorado,11/1/2021,475441229,36781848,0.077,1981640
Colorado,12/1/2021,461448574,24732487,0.054,770561
Colorado,1/1/2022,573720213,34640219,0.06,1447952
Colorado,2/1/2022,440508421,19604490,0.045,314731
Colorado,3/1/2022,505611080,28238194,0.056,1313076
Colorado,4/1/2022,392311737,22571887,0.058,1231742
Colorado,5/1/2022,360325438,27119329,0.075,1659189
Colorado,6/1/2022,313215081,6781092,0.022,268280
Colorado,7/1/2022,258414808,20802881,0.081,1092182
Colorado,8/1/2022,290107970,25859270,0.089,1822272
Colorado,9/1/2022,450232597,51339659,0.114,2989342
Colorado,10/1/2022,526619777,36514974,0.069,2330705
Colorado,11/1/2022,552603013,37569022,0.068,2581533
Colorado,12/1/2022,518088768,40909238,0.079,2583711
Colorado,1/1/2023,547189025,35482562,0.065,2586457
Colorado,2/1/2023,425142877,22599602,0.053,1257332
Colorado,3/1/2023,494440210,45935669,0.093,3103024
Colorado,4/1/2023,417814147,35148592,0.084,2582615
Colorado,5/1/2023,385242136,31406903,0.082,2218084
Colorado,6/1/2023,310656478,9223661,0.03,441951
Colorado,7/1/2023,281110490,24962106,0.089,1778773
Colorado,8/1/2023,306065791,25873058,0.085,1806025
Colorado,9/1/2023,512792794,45276517,0.088,3126136
Colorado,10/1/2023,554859801,46914492,0.085,3351482
Colorado,11/1/2023,608488266,28585606,0.047,1489224
Colorado,12/1/2023,716430270,40537499,0.057,3682335
Colorado,1/1/2024,596685968,53490323,0.09,4128369
Colorado,2/1/2024,536988261,25762378,0.048,1302174
Colorado,3/1/2024,593094977,45041776,0.076,2852592
Colorado,4/1/2024,509508228,32028036,0.063,1910656
Colorado,5/1/2024,447561934,44991355,0.101,3206326
Connecticut,10/1/2021,54641474,5567547,0.102,512951
Connecticut,11/1/2021,131729179,17456823,0.133,1712136
Connecticut,12/1/2021,150073755,10242899,0.068,929336
Connecticut,1/1/2022,158092481,11891808,0.075,1142510
Connecticut,2/1/2022,115619953,5844220,0.051,501516
Connecticut,3/1/2022,140747137,11511388,0.082,1037570
Connecticut,4/1/2022,116465199,10353842,0.089,988263
Connecticut,5/1/2022,115180155,10308064,0.089,981304
Connecticut,6/1/2022,95421852,7142610,0.075,669453
Connecticut,7/1/2022,78316775,8611816,0.11,859094
Connecticut,8/1/2022,80037045,10882317,0.136,1153125
Connecticut,9/1/2022,130547719,17608762,0.135,1777391
Connecticut,10/1/2022,164170106,17012667,0.104,1736473
Connecticut,11/1/2022,165026282,17869847,0.108,1942387
Connecticut,12/1/2022,160266050,16268906,0.102,1736006
Connecticut,1/1/2023,167673044,19610098,0.117,1919290
Connecticut,2/1/2023,136508300,11626147,0.085,1175694
Connecticut,3/1/2023,159997579,17029646,0.106,1855821
Connecticut,4/1/2023,126683869,13610074,0.107,1458730
Connecticut,5/1/2023,109421369,15271178,0.14,1645394
Connecticut,6/1/2023,91414677,9752058,0.107,961577
Connecticut,7/1/2023,91512897,11126316,0.122,1215313
Connecticut,8/1/2023,91316807,9797155,0.107,1027171
Connecticut,9/1/2023,180954956,18900892,0.104,2048710
Connecticut,10/1/2023,189626160,19849187,0.105,2243142
Connecticut,11/1/2023,205736989,12862839,0.063,1416233
Connecticut,12/1/2023,212171045,22813764,0.108,2569806
Connecticut,1/1/2024,202752249,25570170,0.126,2864562
Connecticut,2/1/2024,162841632,14820348,0.091,1598679
Connecticut,3/1/2024,187815980,16981438,0.09,1892701
Connecticut,4/1/2024,154109876,19105482,0.124,2133325
Connecticut,5/1/2024,163648829,17941322,0.11,1973947
Connecticut,6/1/2024,148557056,15626345,0.105,1695681
Delaware,6/1/2018,7003725,1000247,0.143,196323
Delaware,7/1/2018,8214765,527115,0.064,275671
Delaware,8/1/2018,8018354,983052,0.123,538543
Delaware,9/1/2018,23257965,7807511,0.336,4703849
Delaware,10/1/2018,21231427,2565957,0.121,1460148
Delaware,11/1/2018,24206090,2505848,0.104,1155765
Delaware,12/1/2018,23419539,5810007,0.248,3407848
Delaware,1/1/2019,14130069,2687370,0.19,1516520
Delaware,2/1/2019,8709205,-616941,-0.071,-483414
Delaware,3/1/2019,10483128,1879045,0.179,982447
Delaware,4/1/2019,6088183,703739,0.116,367524
Delaware,5/1/2019,5920766,464335,0.078,242081
Delaware,6/1/2019,6325464,533377,0.084,278491
Delaware,7/1/2019,3920974,579897,0.148,303225
Delaware,8/1/2019,4745747,586057,0.123,290170
Delaware,9/1/2019,18781406,5979895,0.318,3558378
Delaware,10/1/2019,16066023,4640776,0.289,2691088
Delaware,11/1/2019,16850854,4235148,0.251,2463260
Delaware,12/1/2019,20466561,4174862,0.204,2324290
Delaware,1/1/2020,11187011,2527312,0.226,1386819
Delaware,2/1/2020,7279650,-410665,-0.056,-367301
Delaware,3/1/2020,3877068,653127,0.168,340952
Delaware,4/1/2020,0,0,,-104
Delaware,5/1/2020,0,0,,-15
Delaware,6/1/2020,0,0,,-33
Delaware,7/1/2020,209282,13845,0.066,7040
Delaware,8/1/2020,2957634,419561,0.142,220175
Delaware,9/1/2020,12439302,2803022,0.225,1596046
Delaware,10/1/2020,17086034,4945186,0.289,2877725
Delaware,11/1/2020,19510093,8162861,0.418,5018419
Delaware,12/1/2020,15696681,4408081,0.281,2645802
Delaware,1/1/2021,15649254,3288405,0.21,1798838
Delaware,2/1/2021,7519710,679021,0.09,313006
Delaware,3/1/2021,6666115,1104859,0.166,577524
Delaware,4/1/2021,5470520,1023199,0.187,534814
Delaware,5/1/2021,7060911,775611,0.11,404929
Delaware,6/1/2021,5958137,737984,0.124,385357
Delaware,7/1/2021,4110581,724765,0.176,378599
Delaware,8/1/2021,5251471,541621,0.103,269110
Delaware,9/1/2021,13702755,4420661,0.323,2658149
Delaware,10/1/2021,22238321,4635199,0.208,2625850
Delaware,11/1/2021,13383727,6226325,0.465,3843342
Delaware,12/1/2021,12638955,-972383,-0.077,-1088521
Delaware,1/1/2022,12637103,2716347,0.215,1989974
Delaware,2/1/2022,5436407,74297,0.014,15012
Delaware,3/1/2022,5157583,631099,0.122,331496
Delaware,4/1/2022,4200298,358171,0.085,188322
Delaware,5/1/2022,5127275,565508,0.11,296948
Delaware,6/1/2022,3507846,242316,0.069,127482
Delaware,7/1/2022,2678686,438069,0.164,229305
Delaware,8/1/2022,2902652,399945,0.138,226701
Delaware,9/1/2022,8908981,2915961,0.327,2419632
Delaware,10/1/2022,13545163,2597717,0.192,2084703
Delaware,11/1/2022,10172819,1622874,0.16,1270575
Delaware,12/1/2022,8157580,1428195,0.175,1196569
Delaware,1/1/2023,8457660,1714167,0.203,1441653
Delaware,2/1/2023,4120957,347890,0.084,190355
Delaware,3/1/2023,3491183,622285,0.178,325556
Delaware,4/1/2023,3450142,757951,0.22,239884
Delaware,5/1/2023,2760829,276116,0.1,159433
Delaware,6/1/2023,3128258,80201,0.026,45282
Delaware,7/1/2023,2256345,311152,0.138,203984
Delaware,8/1/2023,2400532,340209,0.142,229649
Delaware,9/1/2023,7633259,991828,0.13,865047
Delaware,10/1/2023,10663362,2706248,0.254,2368232
Delaware,11/1/2023,8126283,600906,0.074,509072
Delaware,12/1/2023,8837999,2147792,0.243,1859356
Delaware,1/1/2024,17085199,1957473,0.115,1306854
Delaware,2/1/2024,13763241,659017,0.048,283002
Delaware,3/1/2024,18935525,1168825,0.062,639169
Delaware,4/1/2024,15522996,1147601,0.074,641491
Delaware,5/1/2024,15107592,1201087,0.08,644012
Delaware,6/1/2024,13058698,906777,0.069,502258
District of Columbia,5/1/2020,9723,-240,-0.025,-138
District of Columbia,6/1/2020,223730,36985,0.165,21267
District of Columbia,7/1/2020,743330,144019,0.194,81985
District of Columbia,8/1/2020,11262442,1703416,0.151,302459
District of Columbia,9/1/2020,15455160,1804299,0.117,417406
District of Columbia,10/1/2020,18491984,3484946,0.188,712904
District of Columbia,11/1/2020,17600534,3611200,0.205,780392
District of Columbia,12/1/2020,16696995,2708653,0.162,654293
District of Columbia,1/1/2021,15746168,2805493,0.178,714407
District of Columbia,2/1/2021,15303079,1333019,0.087,418447
District of Columbia,3/1/2021,15275215,1867034,0.122,526444
District of Columbia,4/1/2021,10746937,2087240,0.194,463216
District of Columbia,5/1/2021,13772411,2008091,0.146,503584
District of Columbia,6/1/2021,19518408,2191486,0.112,465194
District of Columbia,7/1/2021,12808239,1801748,0.141,385720
District of Columbia,8/1/2021,12445312,1492901,0.12,294946
District of Columbia,9/1/2021,20706483,3883674,0.188,671465
District of Columbia,10/1/2021,26332228,1570660,0.06,460630
District of Columbia,11/1/2021,21419454,4434922,0.207,954592
District of Columbia,12/1/2021,19220227,1398706,0.073,456087
District of Columbia,1/1/2022,18627789,1962256,0.105,648862
District of Columbia,2/1/2022,19072856,740542,0.039,283248
District of Columbia,3/1/2022,20432718,1365996,0.067,379705
District of Columbia,4/1/2022,18379904,1431275,0.078,429384
District of Columbia,5/1/2022,17234140,2016709,0.117,545785
District of Columbia,6/1/2022,13760754,999645,0.073,311166
District of Columbia,7/1/2022,11346178,1166210,0.103,333989
District of Columbia,8/1/2022,13147645,1832685,0.139,448312
District of Columbia,9/1/2022,19361047,3530497,0.182,847067
District of Columbia,10/1/2022,24801500,3111718,0.125,709273
District of Columbia,11/1/2022,21401682,2641693,0.123,664840
District of Columbia,12/1/2022,18665909,2410628,0.129,619230
District of Columbia,1/1/2023,20115254,1494441,0.074,561314
District of Columbia,2/1/2023,14634828,1193982,0.082,424025
District of Columbia,3/1/2023,18091768,2275690,0.126,636507
District of Columbia,4/1/2023,14052054,1418907,0.101,486723
District of Columbia,5/1/2023,12532899,2024803,0.162,540339
District of Columbia,6/1/2023,11150333,484844,0.043,120020
District of Columbia,7/1/2023,7722843,1409549,0.183,363715
District of Columbia,8/1/2023,8111021,1048451,0.129,304768
District of Columbia,9/1/2023,14480473,1934261,0.134,476272
District of Columbia,10/1/2023,16435889,2001445,0.122,516918
District of Columbia,11/1/2023,17128831,1227995,0.072,345792
District of Columbia,12/1/2023,15315497,2533959,0.165,651735
District of Columbia,1/1/2024,15957167,1933439,0.121,521114
District of Columbia,2/1/2024,11977394,1219280,0.102,313660
District of Columbia,3/1/2024,15742055,1366515,0.087,323907
District of Columbia,4/1/2024,11034199,683925,0.062,254349
Illinois,3/1/2020,997739,120054,0.12,12242
Illinois,4/1/2020,0,-592,,0
Illinois,5/1/2020,0,0,,0
Illinois,6/1/2020,8281803,812901,0.098,59446
Illinois,7/1/2020,52524612,4769184,0.091,585623
Illinois,8/1/2020,140065649,7643489,0.055,1176754
Illinois,9/1/2020,305223938,11754530,0.039,1107906
Illinois,10/1/2020,434567103,46967823,0.108,6807284
Illinois,11/1/2020,449239162,36974421,0.082,6618259
Illinois,12/1/2020,491720536,28368846,0.058,3823629
Illinois,1/1/2021,581553300,49365489,0.085,7670847
Illinois,2/1/2021,509794592,30313913,0.059,5850897
Illinois,3/1/2021,633614957,49884489,0.079,7141198
Illinois,4/1/2021,537158723,41969306,0.078,7067989
Illinois,5/1/2021,507279761,36554947,0.072,5854318
Illinois,6/1/2021,476517310,48187782,0.101,7684748
Illinois,7/1/2021,369134820,37292355,0.101,6058779
Illinois,8/1/2021,400359760,32717934,0.082,4321832
Illinois,9/1/2021,596455693,44579564,0.075,6450631
Illinois,10/1/2021,840440434,48316644,0.057,8459764
Illinois,11/1/2021,779853367,78227189,0.1,12693515
Illinois,12/1/2021,789600347,36677207,0.046,5436663
Illinois,1/1/2022,867505495,59343378,0.068,10687455
Illinois,2/1/2022,679374199,31074381,0.046,5720366
Illinois,3/1/2022,971278389,79421037,0.082,9758140
Illinois,4/1/2022,839386882,68234791,0.081,11321487
Illinois,5/1/2022,764591757,65214388,0.085,10838258
Illinois,6/1/2022,628459522,40981475,0.065,6576948
Illinois,7/1/2022,516414719,43849539,0.085,7392918
Illinois,8/1/2022,564837409,64628599,0.114,7694847
Illinois,9/1/2022,831805990,83533801,0.1,12559685
Illinois,10/1/2022,1029560184,91569752,0.089,16350363
Illinois,11/1/2022,1029615448,96937248,0.094,15581846
Illinois,12/1/2022,1028471257,81407470,0.079,13186151
Illinois,1/1/2023,1070033292,88552064,0.083,15410653
Illinois,2/1/2023,875387789,63297910,0.072,10967295
Illinois,3/1/2023,1072701361,107423414,0.1,15650984
Illinois,4/1/2023,898571938,81311927,0.09,14429201
Illinois,5/1/2023,821715719,91579820,0.111,14348947
Illinois,6/1/2023,665770747,52288208,0.079,8862040
Illinois,7/1/2023,611372472,61897923,0.101,9686791
Illinois,8/1/2023,676065425,58823721,0.087,7549895
Illinois,9/1/2023,1078339446,99829998,0.093,13855307
Illinois,10/1/2023,1161060707,104679506,0.09,18055019
Illinois,11/1/2023,1375398292,73297758,0.053,11666914
Illinois,12/1/2023,1314056821,126360303,0.096,20517094
Illinois,1/1/2024,1286243926,129511642,0.101,21642278
Illinois,2/1/2024,1070625059,77162218,0.072,13452317
Illinois,3/1/2024,1264532904,103814124,0.082,16006617
Illinois,4/1/2024,1103531944,88204662,0.08,14729668
Illinois,5/1/2024,1016698918,102530449,0.101,16218547
Indiana,9/1/2019,35215418,8284862,0.235,813102
Indiana,10/1/2019,91697395,10629476,0.116,1096160
Indiana,11/1/2019,147276912,10593321,0.072,883363
Indiana,12/1/2019,161806795,12069287,0.075,1139147
Indiana,1/1/2020,171049250,12223222,0.071,1221796
Indiana,2/1/2020,187186221,10381954,0.055,1053811
Indiana,3/1/2020,74818801,5300191,0.071,522086
Indiana,4/1/2020,26304128,1629555,0.062,148189
Indiana,5/1/2020,37334940,3237031,0.087,302097
Indiana,6/1/2020,29783582,2543803,0.085,277600
Indiana,7/1/2020,70876622,4885514,0.069,644578
Indiana,8/1/2020,169018238,12601820,0.075,934314
Indiana,9/1/2020,207450106,11238265,0.054,1356952
Indiana,10/1/2020,230932251,25094814,0.109,2005347
Indiana,11/1/2020,251403994,25255641,0.1,2406175
Indiana,12/1/2020,313112473,22003606,0.07,2292472
Indiana,1/1/2021,348244676,31668178,0.091,2803021
Indiana,2/1/2021,273893073,15867143,0.058,1610811
Indiana,3/1/2021,316717762,27421008,0.087,2503311
Indiana,4/1/2021,236403308,19690320,0.083,1907522
Indiana,5/1/2021,254445226,18011339,0.071,1791053
Indiana,6/1/2021,246321671,26748803,0.109,2420541
Indiana,7/1/2021,194492669,17225036,0.089,1658052
Indiana,8/1/2021,215636824,16704438,0.077,1571080
Indiana,9/1/2021,355425184,33307106,0.094,3250964
Indiana,10/1/2021,461131242,27838472,0.06,2597357
Indiana,11/1/2021,463684739,47815377,0.103,4527177
Indiana,12/1/2021,463015613,26007133,0.056,2448195
Indiana,1/1/2022,500138648,29278177,0.059,3379560
Indiana,2/1/2022,409109104,22396131,0.055,1611037
Indiana,3/1/2022,476802783,32788454,0.069,3095106
Indiana,4/1/2022,360023255,27634092,0.077,2722456
Indiana,5/1/2022,308385687,31951466,0.104,2912607
Indiana,6/1/2022,256307260,15653583,0.061,1497766
Indiana,7/1/2022,206627688,20510071,0.099,1985587
Indiana,8/1/2022,237990176,25978248,0.109,2417586
Indiana,9/1/2022,382507090,50551749,0.132,4861450
Indiana,10/1/2022,446248394,46393925,0.104,4458595
Indiana,11/1/2022,452318954,40197276,0.089,3797331
Indiana,12/1/2022,431423176,43555139,0.101,4058864
Indiana,1/1/2023,427154794,35347154,0.083,3463540
Indiana,2/1/2023,356187759,28076424,0.079,2629963
Indiana,3/1/2023,433022775,43746469,0.101,4097409
Indiana,4/1/2023,321404737,29349149,0.091,2794279
Indiana,5/1/2023,283495510,33542239,0.118,3208916
Indiana,6/1/2023,224070050,19036099,0.085,1848269
Indiana,7/1/2023,203788074,23420740,0.115,2209488
Indiana,8/1/2023,238079855,23633486,0.099,2236234
Indiana,9/1/2023,404140702,40624361,0.101,3901903
Indiana,10/1/2023,429673063,46135347,0.107,4297088
Indiana,11/1/2023,513672424,26848975,0.052,2919257
Indiana,12/1/2023,503127765,54603323,0.109,4810719
Indiana,1/1/2024,480573358,53506698,0.111,5079594
Indiana,2/1/2024,408675534,37601071,0.092,3608431
Indiana,3/1/2024,500757257,37899471,0.076,3744875
Indiana,4/1/2024,393855317,39077679,0.099,3523226
Indiana,5/1/2024,361590148,38695260,0.107,3703601
Indiana,6/1/2024,298166251,30442289,0.102,2897586
Iowa,8/1/2019,8576341,2161807,0.252,145922
Iowa,9/1/2019,38545352,4959745,0.129,334783
Iowa,10/1/2019,46500331,5658131,0.122,381924
Iowa,11/1/2019,59344806,3599750,0.061,242983
Iowa,12/1/2019,59258838,2904257,0.049,196037
Iowa,1/1/2020,58027141,3232696,0.056,218349
Iowa,2/1/2020,56920783,755334,0.013,50985
Iowa,3/1/2020,19585711,1185888,0.061,80047
Iowa,4/1/2020,1568497,150331,0.096,10147
Iowa,5/1/2020,6976637,501062,0.072,33822
Iowa,6/1/2020,12711201,620740,0.049,41900
Iowa,7/1/2020,22859622,2244012,0.098,151471
Iowa,8/1/2020,50313674,3003903,0.06,202763
Iowa,9/1/2020,72397241,5167816,0.071,348828
Iowa,10/1/2020,81902416,9080995,0.111,612967
Iowa,11/1/2020,87169919,8144096,0.093,549726
Iowa,12/1/2020,104815630,7537004,0.072,508748
Iowa,1/1/2021,149524789,11343303,0.076,765673
Iowa,2/1/2021,143615170,7708148,0.054,520300
Iowa,3/1/2021,161439561,13454158,0.083,908156
Iowa,4/1/2021,118355535,7725272,0.065,521456
Iowa,5/1/2021,114882963,6133477,0.053,414010
Iowa,6/1/2021,111176671,8424699,0.076,568667
Iowa,7/1/2021,89960118,8112953,0.09,547624
Iowa,8/1/2021,109149917,7327163,0.067,494584
Iowa,9/1/2021,216116399,11135516,0.052,751647
Iowa,10/1/2021,285532771,10840968,0.038,731765
Iowa,11/1/2021,287436570,19935558,0.069,1345650
Iowa,12/1/2021,266518049,13371197,0.05,902556
Iowa,1/1/2022,303327688,14269557,0.047,963195
Iowa,2/1/2022,215921313,8579100,0.04,579089
Iowa,3/1/2022,233525474,14411046,0.062,972746
Iowa,4/1/2022,177370317,12398243,0.07,836881
Iowa,5/1/2022,147913284,12630387,0.085,852551
Iowa,6/1/2022,122437950,6568678,0.054,443386
Iowa,7/1/2022,108556796,11173191,0.103,754190
Iowa,8/1/2022,122568313,14418923,0.118,973277
Iowa,9/1/2022,200230741,25417557,0.127,1715685
Iowa,10/1/2022,238788234,19137523,0.08,1291783
Iowa,11/1/2022,247476284,5802261,0.023,391653
Iowa,12/1/2022,229949570,20745524,0.09,1400323
Iowa,1/1/2023,233619612,16543361,0.071,1116677
Iowa,2/1/2023,193879638,11871156,0.061,802488
Iowa,3/1/2023,232614150,19857210,0.085,1340355
Iowa,4/1/2023,172589394,14117868,0.082,953605
Iowa,5/1/2023,147715126,16599871,0.112,1122711
Iowa,6/1/2023,115595593,7131173,0.062,482852
Iowa,7/1/2023,109680895,10568989,0.096,715638
Iowa,8/1/2023,141295039,13507280,0.096,913527
Iowa,9/1/2023,245759020,24059083,0.098,1625305
Iowa,10/1/2023,255293522,24189825,0.095,1632804
Iowa,11/1/2023,289698466,14113494,0.049,954073
Iowa,12/1/2023,282723930,26251213,0.093,1774335
Iowa,1/1/2024,259468795,22064697,0.085,1487626
Iowa,2/1/2024,220583732,13608943,0.062,920400
Iowa,3/1/2024,272366214,18194914,0.067,1235155
Iowa,4/1/2024,209522911,16527342,0.079,1120126
Iowa,5/1/2024,182461326,16697596,0.092,1130475
Iowa,6/1/2024,146682918,12494103,0.085,845443
Kansas,9/1/2022,160527371,22014698,0.137,129618
Kansas,10/1/2022,189919311,18582842,0.098,141088
Kansas,11/1/2022,186353708,19073128,0.102,795784
Kansas,12/1/2022,181977180,16835233,0.093,1026140
Kansas,1/1/2023,206060734,15105189,0.073,598745
Kansas,2/1/2023,194034469,-845377,-0.004,1134
Kansas,3/1/2023,206287094,20975191,0.102,911159
Kansas,4/1/2023,132981289,14636899,0.11,919720
Kansas,5/1/2023,120323444,14550824,0.121,887390
Kansas,6/1/2023,98125865,8195048,0.084,409425
Kansas,7/1/2023,79715016,9644263,0.121,683176
Kansas,8/1/2023,94415479,7662828,0.081,484366
Kansas,9/1/2023,219293493,18155498,0.083,806097
Kansas,10/1/2023,249711810,25404712,0.102,1437030
Kansas,11/1/2023,260937284,18017353,0.069,892968
Kansas,12/1/2023,259678435,30913033,0.119,2005261
Kansas,1/1/2024,239618587,20864472,0.087,1433272
Kansas,2/1/2024,203046644,8463732,0.042,305494
Kansas,3/1/2024,252901770,16760995,0.066,714697
Kansas,4/1/2024,192085924,17890802,0.093,1040396
Kansas,5/1/2024,172204880,17210244,0.1,976764
Kansas,6/1/2024,140102333,14518082,0.104,936385
Kentucky,9/1/2023,45519529,2672336,0.059,321966
Kentucky,10/1/2023,295088668,54341931,0.184,7616625
Kentucky,11/1/2023,281189728,22448055,0.08,3088163
Kentucky,12/1/2023,263666578,32281926,0.122,4463311
Kentucky,1/1/2024,245604391,35967751,0.146,4992513
Kentucky,2/1/2024,199449415,19491642,0.098,2703511
Kentucky,3/1/2024,256246092,22107013,0.086,3036740
Kentucky,4/1/2024,187319031,23237278,0.124,3223742
Kentucky,5/1/2024,181351570,21603055,0.119,2985051
Louisiana,11/1/2021,27871038,5685706,0.204,568571
Louisiana,12/1/2021,39517545,4380700,0.111,438070
Louisiana,1/1/2022,89757060,7992540,0.089,533259
Louisiana,2/1/2022,238413596,27316419,0.115,2421541
Louisiana,3/1/2022,232730341,30943063,0.133,3413595
Louisiana,4/1/2022,208255060,6140843,0.029,2573658
Louisiana,5/1/2022,171135819,25691302,0.15,2663220
Louisiana,6/1/2022,132438215,10891261,0.082,1424413
Louisiana,7/1/2022,118522225,20980159,0.177,2442246
Louisiana,8/1/2022,128251857,9587258,0.075,1775179
Louisiana,9/1/2022,203807226,33390478,0.164,4040335
Louisiana,10/1/2022,255805485,30774673,0.12,4308649
Louisiana,11/1/2022,268638967,-25318031,-0.094,4244196
Louisiana,12/1/2022,254753433,37290999,0.146,4365471
Louisiana,1/1/2023,282269901,35725850,0.127,3330035
Louisiana,2/1/2023,197709561,23295088,0.118,2554375
Louisiana,3/1/2023,249280628,32319508,0.13,3590725
Louisiana,4/1/2023,209746932,23414940,0.112,2945211
Louisiana,5/1/2023,195123855,29860212,0.153,3579595
Louisiana,6/1/2023,160083233,13981060,0.087,1697439
Louisiana,7/1/2023,134757491,18282477,0.136,2185154
Louisiana,8/1/2023,153933704,18137683,0.118,2109829
Louisiana,9/1/2023,280093549,43143474,0.154,5318554
Louisiana,10/1/2023,308613008,43338752,0.14,5319894
Louisiana,11/1/2023,356479622,29290043,0.082,3245327
Louisiana,12/1/2023,377046556,56511836,0.15,7590704
Louisiana,1/1/2024,346320907,52679515,0.152,5681508
Louisiana,2/1/2024,274775955,31137549,0.113,3765778
Louisiana,3/1/2024,350006557,37682135,0.108,4910457
Louisiana,4/1/2024,283059884,40347029,0.143,5387113
Louisiana,5/1/2024,256659997,34693005,0.135,5767757
Louisiana,6/1/2024,212056544,27197149,0.128,3850037
Maine,11/1/2023,37467976,4586743,0.122,464151
Maine,12/1/2023,44354459,4353944,0.098,437884
Maine,1/1/2024,38010991,5430666,0.143,546149
Maine,2/1/2024,33610150,4220952,0.126,425602
Maine,3/1/2024,47407405,2672964,0.056,270607
Maine,4/1/2024,38203545,4063250,0.106,414356
Maine,5/1/2024,39649761,3174572,0.08,331278
Maine,6/1/2024,39123547,3137935,0.08,342513
Maryland,12/1/2021,16552430,3170001,0.192,469297
Maryland,1/1/2022,32530831,4375316,0.134,644098
Maryland,2/1/2022,25526148,955377,0.037,134628
Maryland,3/1/2022,31025892,3927573,0.127,577019
Maryland,4/1/2022,26908845,2838501,0.105,415801
Maryland,5/1/2022,23095542,3077031,0.133,452897
Maryland,6/1/2022,19121331,1309834,0.069,189323
Maryland,7/1/2022,15492757,2026548,0.131,298177
Maryland,8/1/2022,18650802,3231851,0.173,477840
Maryland,9/1/2022,31376072,6639776,0.212,984308
Maryland,10/1/2022,39663586,5309436,0.134,781642
Maryland,11/1/2022,219071374,30620539,0.14,704728
Maryland,12/1/2022,497121656,85168804,0.171,440043
Maryland,1/1/2023,441481779,59601405,0.135,2114613
Maryland,2/1/2023,339421546,40214644,0.118,2796880
Maryland,3/1/2023,385967195,47548313,0.123,5310057
Maryland,4/1/2023,328454397,35644586,0.109,3864686
Maryland,5/1/2023,320199671,42742217,0.133,4650711
Maryland,6/1/2023,254476790,27077118,0.106,2835051
Maryland,7/1/2023,247412348,28114521,0.114,3312633
Maryland,8/1/2023,263729559,24900637,0.094,2555671
Maryland,9/1/2023,442450666,45575923,0.103,3231427
Maryland,10/1/2023,483147391,58701910,0.121,5812245
Maryland,11/1/2023,550716329,41628982,0.076,3199529
Maryland,12/1/2023,559865463,62330932,0.111,6482403
Maryland,1/1/2024,544971369,80000652,0.147,8246847
Maryland,2/1/2024,442557658,43445464,0.098,4210511
Maryland,3/1/2024,536730427,45104096,0.084,4853985
Maryland,4/1/2024,486319124,50420705,0.104,5686446
Maryland,5/1/2024,431528137,51065131,0.118,6991255
Maryland,6/1/2024,384687982,39668882,0.103,5728503
Massachusetts,1/1/2023,642630,-8227,-0.013,9718
Massachusetts,2/1/2023,24979240,1486743,0.06,202660
Massachusetts,3/1/2023,584520728,48321254,0.083,9345767
Massachusetts,4/1/2023,574829883,60281564,0.105,11799200
Massachusetts,5/1/2023,457140440,62073252,0.136,12120399
Massachusetts,6/1/2023,332312764,32918844,0.099,6414495
Massachusetts,7/1/2023,296099657,30132704,0.102,5852993
Massachusetts,8/1/2023,320736344,23485442,0.073,4542588
Massachusetts,9/1/2023,519762909,51033638,0.098,9911837
Massachusetts,10/1/2023,567157529,60716300,0.107,11817607
Massachusetts,11/1/2023,654856914,50548069,0.077,9770276
Massachusetts,12/1/2023,655978736,62161918,0.095,12045361
Massachusetts,1/1/2024,650279922,72718241,0.112,14165773
Massachusetts,2/1/2024,538839465,53860586,0.1,10514991
Massachusetts,3/1/2024,658740415,47840193,0.073,9208593
Massachusetts,4/1/2024,601732077,50593502,0.084,9918583
Massachusetts,5/1/2024,587433477,59002616,0.1,11485181
Massachusetts,6/1/2024,505365090,42261186,0.084,8235270
Michigan,3/1/2020,593956,105548,0.178,8866
Michigan,4/1/2020,0,0,,0
Michigan,5/1/2020,0,0,,0
Michigan,6/1/2020,0,0,,0
Michigan,7/1/2020,0,0,,0
Michigan,8/1/2020,15744256,1977052,0.126,166072
Michigan,9/1/2020,33503929,4376407,0.131,367618
Michigan,10/1/2020,46120824,7596972,0.165,638146
Michigan,11/1/2020,25080140,2337638,0.093,196362
Michigan,12/1/2020,9720393,1883240,0.194,158192
Michigan,1/1/2021,150849896,17423564,0.116,517022
Michigan,2/1/2021,325569037,9395302,0.029,242185
Michigan,3/1/2021,383691892,35238593,0.092,1111886
Michigan,4/1/2021,274212630,21922961,0.08,629336
Michigan,5/1/2021,257748035,21228714,0.082,1140664
Michigan,6/1/2021,259504202,27244793,0.105,1638701
Michigan,7/1/2021,206267088,20766255,0.101,1241237
Michigan,8/1/2021,208565955,17536332,0.084,896007
Michigan,9/1/2021,386780231,27135351,0.07,981126
Michigan,10/1/2021,497565425,26947289,0.054,1129191
Michigan,11/1/2021,500521376,58762835,0.117,2893243
Michigan,12/1/2021,514630536,35920227,0.07,1208065
Michigan,1/1/2022,532681710,36647758,0.069,2135046
Michigan,2/1/2022,423768381,21633471,0.051,581548
Michigan,3/1/2022,477967947,32445133,0.068,1466772
Michigan,4/1/2022,396009819,32630491,0.082,1696097
Michigan,5/1/2022,356130390,35920231,0.101,1992223
Michigan,6/1/2022,292389429,15826610,0.054,569834
Michigan,7/1/2022,224966256,22874582,0.102,1307287
Michigan,8/1/2022,229797476,25654849,0.112,1490223
Michigan,9/1/2022,383102602,50442748,0.132,2601351
Michigan,10/1/2022,504336507,51362299,0.102,2972271
Michigan,11/1/2022,498118043,42758230,0.086,2494635
Michigan,12/1/2022,494820409,50450735,0.102,2827280
Michigan,1/1/2023,490904822,33785629,0.069,1727227
Michigan,2/1/2023,357161200,23134728,0.065,959332
Michigan,3/1/2023,421666037,46016812,0.109,2900149
Michigan,4/1/2023,338127853,36275215,0.107,2403415
Michigan,5/1/2023,305275755,36125966,0.118,2152149
Michigan,6/1/2023,235996767,17928415,0.076,858495
Michigan,7/1/2023,208808123,22985461,0.11,1529187
Michigan,8/1/2023,228495763,23480419,0.103,1472826
Michigan,9/1/2023,475772391,45606094,0.096,1853777
Michigan,10/1/2023,551127024,46135708,0.084,2537783
Michigan,11/1/2023,584142443,37043266,0.063,1180415
Michigan,12/1/2023,613425699,65920318,0.107,4021700
Michigan,1/1/2024,601585142,48197778,0.08,2026498
Michigan,2/1/2024,415816758,30361417,0.073,1289879
Michigan,3/1/2024,497622752,43534858,0.087,2466112
Michigan,4/1/2024,414426339,43437160,0.105,2616238
Michigan,5/1/2024,354836011,42766351,0.121,2597165
Michigan,6/1/2024,285170266,31802442,0.112,1598793
Mississippi,8/1/2018,7696051,645057,0.084,77407
Mississippi,9/1/2018,31770270,5503793,0.173,660455
Mississippi,10/1/2018,32837334,1178343,0.036,141401
Mississippi,11/1/2018,44499883,1674250,0.038,200910
Mississippi,12/1/2018,41762048,6174224,0.148,740907
Mississippi,1/1/2019,35190774,2793238,0.079,335189
Mississippi,2/1/2019,25148135,2756439,0.11,330773
Mississippi,3/1/2019,32421264,4898726,0.151,587847
Mississippi,4/1/2019,19188763,2057834,0.107,246940
Mississippi,5/1/2019,17438288,1191967,0.068,143036
Mississippi,6/1/2019,15190666,1625113,0.107,195014
Mississippi,7/1/2019,13383383,1053776,0.079,126453
Mississippi,8/1/2019,19876370,2884348,0.145,346122
Mississippi,9/1/2019,37870989,5631583,0.149,675790
Mississippi,10/1/2019,48019481,12295357,0.256,1475443
Mississippi,11/1/2019,56369036,3784071,0.067,454088
Mississippi,12/1/2019,49076433,3478919,0.071,417470
Mississippi,1/1/2020,45190371,4637967,0.103,556556
Mississippi,2/1/2020,34462822,2105780,0.061,252694
Mississippi,3/1/2020,10749403,648647,0.06,77838
Mississippi,4/1/2020,0,0,,0
Mississippi,5/1/2020,236503,87697,0.371,10524
Mississippi,6/1/2020,1575859,-62231,-0.039,-7468
Mississippi,7/1/2020,7916665,1335763,0.169,160292
Mississippi,8/1/2020,40489135,3748732,0.093,449848
Mississippi,9/1/2020,52220289,6598931,0.126,791872
Mississippi,10/1/2020,61192425,8769600,0.143,1052352
Mississippi,11/1/2020,54443370,8108102,0.149,972972
Mississippi,12/1/2020,55298807,7762542,0.14,931505
Mississippi,1/1/2021,67707628,9114483,0.135,1093738
Mississippi,2/1/2021,47807574,4606840,0.096,552821
Mississippi,3/1/2021,50546886,5237031,0.104,628444
Mississippi,4/1/2021,32917836,4300968,0.131,516116
Mississippi,5/1/2021,36125896,3888299,0.108,466596
Mississippi,6/1/2021,43099180,3194317,0.074,383318
Mississippi,7/1/2021,30659426,2887695,0.094,346523
Mississippi,8/1/2021,21436948,1886405,0.088,226369
Mississippi,9/1/2021,54835753,8846121,0.161,1061535
Mississippi,10/1/2021,83527015,9146353,0.11,1097562
Mississippi,11/1/2021,60582141,9520846,0.157,1142502
Mississippi,12/1/2021,56839743,3238730,0.057,388648
Mississippi,1/1/2022,66523295,6521389,0.098,782567
Mississippi,2/1/2022,40871618,1887995,0.046,226559
Mississippi,3/1/2022,47523073,3965723,0.083,475887
Mississippi,4/1/2022,35503585,4209290,0.119,505115
Mississippi,5/1/2022,29233786,4006359,0.137,480763
Mississippi,6/1/2022,25096238,2082091,0.083,249851
Mississippi,7/1/2022,18296341,2527212,0.138,303265
Mississippi,8/1/2022,21234898,2687465,0.127,322496
Mississippi,9/1/2022,43139311,8779943,0.204,1053593
Mississippi,10/1/2022,56199189,7687183,0.137,922462
Mississippi,11/1/2022,73605361,5087585,0.069,610510
Mississippi,12/1/2022,74358933,11297381,0.152,1355686
Mississippi,1/1/2023,57223251,5117380,0.089,614086
Mississippi,2/1/2023,39807504,3143541,0.079,377225
Mississippi,3/1/2023,46689392,4953171,0.106,594381
Mississippi,4/1/2023,31805004,4347138,0.137,521657
Mississippi,5/1/2023,26761691,3180953,0.119,381714
Mississippi,6/1/2023,20414902,1848676,0.091,221841
Mississippi,7/1/2023,17728739,2463671,0.139,295641
Mississippi,8/1/2023,21392231,2691244,0.126,322949
Mississippi,9/1/2023,51647915,8144028,0.158,977283
Mississippi,10/1/2023,49503679,7344506,0.148,881341
Mississippi,11/1/2023,62412735,3103061,0.05,372367
Mississippi,12/1/2023,48888089,4886771,0.1,586413
Mississippi,1/1/2024,57223251,5117380,0.089,614086
Mississippi,2/1/2024,31374402,2297096,0.073,275652
Mississippi,3/1/2024,44536548,3362903,0.076,403548
Mississippi,4/1/2024,34259933,3123104,0.091,374772
Mississippi,5/1/2024,27005663,2058986,0.076,247078
Mississippi,6/1/2024,19373328,1942407,0.1,233089
Montana,3/1/2020,8051,3130,0.389,1395
Montana,4/1/2020,434,-289,-0.666,-199
Montana,5/1/2020,113283,30502,0.269,11504
Montana,6/1/2020,346600,68714,0.198,20433
Montana,7/1/2020,1554924,170766,0.11,9164
Montana,8/1/2020,2606465,240986,0.092,-11797
Montana,9/1/2020,2452736,303394,0.124,34872
Montana,10/1/2020,2935271,491142,0.167,118569
Montana,11/1/2020,3184529,465183,0.146,88038
Montana,12/1/2020,5568187,594935,0.107,22870
Montana,1/1/2021,5142569,486975,0.095,-16369
Montana,2/1/2021,3863473,309201,0.08,-46288
Montana,3/1/2021,4411507,652401,0.148,126750
Montana,4/1/2021,3253865,501413,0.154,105616
Montana,5/1/2021,3981680,496740,0.125,59143
Montana,6/1/2021,3700999,385441,0.104,9205
Montana,7/1/2021,2629806,446624,0.17,110186
Montana,8/1/2021,3349655,475519,0.142,84332
Montana,9/1/2021,3023972,561587,0.186,155514
Montana,10/1/2021,4404020,568817,0.129,77049
Montana,11/1/2021,4531859,879240,0.194,255632
Montana,12/1/2021,4922327,642265,0.13,90020
Montana,1/1/2022,5117844,669464,0.131,94608
Montana,2/1/2022,3631705,705841,0.194,205602
Montana,3/1/2022,3981218,671606,0.169,164091
Montana,4/1/2022,3243425,389693,0.12,39210
Montana,5/1/2022,3236702,382130,0.118,35076
Montana,6/1/2022,2911455,274694,0.094,-9871
Montana,7/1/2022,2560000,274000,0.107,10800
Montana,8/1/2022,2975100,440591,0.148,85849
Montana,9/1/2022,4940321,975542,0.197,288906
Montana,10/1/2022,5319627,681222,0.128,89556
Montana,11/1/2022,5782523,777488,0.134,119541
Montana,12/1/2022,7218595,931178,0.129,125591
Montana,1/1/2023,7139581,979495,0.137,159322
Montana,2/1/2023,4366807,560668,0.128,74392
Montana,3/1/2023,5784045,925542,0.16,208283
Montana,4/1/2023,5201964,633005,0.122,67685
Montana,5/1/2023,4457829,666686,0.15,132542
Montana,6/1/2023,3353974,282263,0.084,-31881
Montana,7/1/2023,2587209,560046,0.216,180795
Montana,8/1/2023,3221337,337442,0.105,9185
Montana,9/1/2023,6204965,676451,0.109,33573
Montana,10/1/2023,6787517,1102195,0.162,254066
Montana,11/1/2023,6996429,717423,0.103,10668
Montana,12/1/2023,6157163,1005395,0.163,233807
Montana,1/1/2024,5863499,852106,0.145,159454
Montana,2/1/2024,4702532,253229,0.054,-130215
Montana,3/1/2024,6588001,500562,0.076,-94943
Montana,4/1/2024,5486090,644653,0.118,57626
Montana,5/1/2024,4865206,599685,0.123,67899
Montana,6/1/2024,3880623,427612,0.11,23730
Nevada,6/1/2018,286282315,20172000,0.07,1361610
Nevada,7/1/2018,245109818,4061000,0.017,274118
Nevada,8/1/2018,247622046,12603000,0.051,850703
Nevada,9/1/2018,571371045,56304000,0.099,3800520
Nevada,10/1/2018,528086065,29547000,0.056,1994423
Nevada,11/1/2018,580693817,27136000,0.047,1831680
Nevada,12/1/2018,562133600,44106000,0.078,2977155
Nevada,1/1/2019,496689151,14626000,0.029,987255
Nevada,2/1/2019,458498365,35816000,0.078,2417580
Nevada,3/1/2019,597045387,32523000,0.054,2195303
Nevada,4/1/2019,328025447,21656000,0.066,1461780
Nevada,5/1/2019,317511432,11267000,0.035,760523
Nevada,6/1/2019,322050433,16588000,0.052,1119690
Nevada,7/1/2019,235961371,10534000,0.045,711045
Nevada,8/1/2019,287811624,18733000,0.065,1264478
Nevada,9/1/2019,546193707,52069000,0.095,3514658
Nevada,10/1/2019,543922446,47886000,0.088,3232305
Nevada,11/1/2019,614070720,31012000,0.051,2093310
Nevada,12/1/2019,571142557,36327000,0.064,2452073
Nevada,1/1/2020,502279982,20152000,0.04,1360260
Nevada,2/1/2020,491705606,38064000,0.077,2569320
Nevada,3/1/2020,141108201,1455000,0.01,98213
Nevada,4/1/2020,28131869,1334500,0.047,90079
Nevada,5/1/2020,28131869,1334500,0.047,90079
Nevada,6/1/2020,78152387,-483000,-0.006,-32602
Nevada,7/1/2020,163552030,6295000,0.038,424913
Nevada,8/1/2020,474948414,16985000,0.036,1146488
Nevada,9/1/2020,575144025,32895000,0.057,2220413
Nevada,10/1/2020,659899331,42388000,0.064,2861190
Nevada,11/1/2020,609376849,61807000,0.101,4171973
Nevada,12/1/2020,587056304,40573000,0.069,2738678
Nevada,1/1/2021,646491632,52381000,0.081,3535718
Nevada,2/1/2021,554058173,31846000,0.057,2149605
Nevada,3/1/2021,640984932,39346000,0.061,2655855
Nevada,4/1/2021,458251710,27210000,0.059,1836675
Nevada,5/1/2021,477191062,27079000,0.057,1827833
Nevada,6/1/2021,545367518,29186000,0.054,1970055
Nevada,7/1/2021,409659756,33278000,0.081,2246265
Nevada,8/1/2021,427425369,14342000,0.034,968085
Nevada,9/1/2021,786508562,54205000,0.069,3658838
Nevada,10/1/2021,1100712575,48312000,0.044,3261060
Nevada,11/1/2021,1086010454,71971000,0.066,4858043
Nevada,12/1/2021,1014986618,15960000,0.016,1077300
Nevada,1/1/2022,1034818801,49997000,0.048,3374798
Nevada,2/1/2022,780768853,30920000,0.04,2087100
Nevada,3/1/2022,863283921,36926000,0.043,2492505
Nevada,4/1/2022,582529725,25368000,0.044,1712340
Nevada,5/1/2022,562000848,26999000,0.048,1822433
Nevada,6/1/2022,490558644,23835000,0.049,1608863
Nevada,7/1/2022,419372311,18591000,0.044,1254893
Nevada,8/1/2022,408935554,16072000,0.039,1084860
Nevada,9/1/2022,760891578,70629000,0.093,4767458
Nevada,10/1/2022,920931244,56859000,0.062,3837983
Nevada,11/1/2022,929046456,37671000,0.041,2542793
Nevada,12/1/2022,880380248,55204000,0.063,3726270
Nevada,1/1/2023,935792553,50440000,0.054,3404700
Nevada,2/1/2023,659079542,41277000,0.063,2786198
Nevada,3/1/2023,829842964,43851000,0.053,2959943
Nevada,4/1/2023,598010327,32415000,0.054,2188013
Nevada,5/1/2023,527205770,30064000,0.057,2029320
Nevada,6/1/2023,479039381,9503000,0.02,641453
Nevada,7/1/2023,408261712,25256000,0.062,1704780
Nevada,8/1/2023,431597004,18101000,0.042,1221818
Nevada,9/1/2023,811353568,62297000,0.077,4205048
Nevada,10/1/2023,815650207,68111000,0.084,4597493
Nevada,11/1/2023,921619677,40992000,0.044,2766960
Nevada,12/1/2023,843985180,59090000,0.07,3988575
Nevada,1/1/2024,782980978,64739000,0.083,4369883
Nevada,2/1/2024,712628161,47910000,0.067,3233925
Nevada,3/1/2024,784568642,29762000,0.038,2008935
Nevada,4/1/2024,569327626,30792000,0.054,2078460
Nevada,5/1/2024,515290019,36027000,0.07,2431823
New Hampshire,12/1/2019,360726,44759,0.124,19403
New Hampshire,1/1/2020,16834974,1643793,0.098,719909
New Hampshire,2/1/2020,22130928,1359395,0.061,598884
New Hampshire,3/1/2020,8768769,818605,0.093,393834
New Hampshire,4/1/2020,3774668,262393,0.07,126090
New Hampshire,5/1/2020,7180450,424947,0.059,187743
New Hampshire,6/1/2020,8138772,691103,0.085,319833
New Hampshire,7/1/2020,11623208,1268688,0.109,602156
New Hampshire,8/1/2020,27496050,1367516,0.05,607909
New Hampshire,9/1/2020,41373620,2290364,0.055,990884
New Hampshire,10/1/2020,47055486,4203875,0.089,2001597
New Hampshire,11/1/2020,46523447,4770459,0.103,2323843
New Hampshire,12/1/2020,51649897,4537653,0.088,2137406
New Hampshire,1/1/2021,59795433,4197029,0.07,1886506
New Hampshire,2/1/2021,50995349,1787930,0.035,769387
New Hampshire,3/1/2021,55800096,4254732,0.076,1925260
New Hampshire,4/1/2021,46700713,3302340,0.071,1480847
New Hampshire,5/1/2021,42367380,3115230,0.074,1433622
New Hampshire,6/1/2021,39268179,3869773,0.099,1797118
New Hampshire,7/1/2021,36724166,3062545,0.083,1468578
New Hampshire,8/1/2021,36319740,1594235,0.044,723016
New Hampshire,9/1/2021,68123241,4420924,0.065,1887441
New Hampshire,10/1/2021,98191306,5409196,0.055,2560651
New Hampshire,11/1/2021,83168805,6172580,0.074,2926238
New Hampshire,12/1/2021,86444639,2641046,0.031,1140937
New Hampshire,1/1/2022,99540825,8029427,0.081,3875782
New Hampshire,2/1/2022,70866282,1019098,0.014,458353
New Hampshire,3/1/2022,78811441,5283248,0.067,2506863
New Hampshire,4/1/2022,73149079,3436446,0.047,1514431
New Hampshire,5/1/2022,76199157,5720931,0.075,2637599
New Hampshire,6/1/2022,53567757,4819197,0.09,2216742
New Hampshire,7/1/2022,42653152,4476145,0.105,2115043
New Hampshire,8/1/2022,43372007,4199240,0.097,1927109
New Hampshire,9/1/2022,78237751,7358206,0.094,3249389
New Hampshire,10/1/2022,91345018,9078684,0.099,4482595
New Hampshire,11/1/2022,93090530,4963601,0.053,2176120
New Hampshire,12/1/2022,90894581,8330161,0.092,3809372
New Hampshire,1/1/2023,97163182,12564448,0.129,5715688
New Hampshire,2/1/2023,86999460,7112918,0.082,3238963
New Hampshire,3/1/2023,103390747,4828031,0.047,2126879
New Hampshire,4/1/2023,65083883,6670481,0.102,2997574
New Hampshire,5/1/2023,52137614,7042469,0.135,3078160
New Hampshire,6/1/2023,39307739,4372429,0.111,1944484
New Hampshire,7/1/2023,36929342,3511866,0.095,1551250
New Hampshire,8/1/2023,38765940,3344211,0.086,1454175
New Hampshire,9/1/2023,66848811,6178362,0.092,2687999
New Hampshire,10/1/2023,77838540,8781951,0.113,3806755
New Hampshire,11/1/2023,78491464,8228924,0.105,3593339
New Hampshire,12/1/2023,78750681,7652564,0.097,3377024
New Hampshire,1/1/2024,73301559,9820633,0.134,4452042
New Hampshire,2/1/2024,62274731,6585297,0.106,2864800
New Hampshire,3/1/2024,72597059,5585067,0.077,2431041
New Hampshire,4/1/2024,59854282,5331763,0.089,2306465
New Hampshire,5/1/2024,58030362,6516847,0.112,2835815
New Hampshire,6/1/2024,49390844,5277087,0.107,2294205
New Jersey,6/1/2018,16409619,3458668,0.211,337078
New Jersey,7/1/2018,40682237,3845879,0.095,377015
New Jersey,8/1/2018,95634048,9197827,0.096,1038072
New Jersey,9/1/2018,183948404,23775812,0.129,2883518
New Jersey,10/1/2018,260711301,11686117,0.045,1536283
New Jersey,11/1/2018,330748563,21243867,0.064,2743339
New Jersey,12/1/2018,319173548,20814223,0.065,2685956
New Jersey,1/1/2019,385279662,18777582,0.049,2530315
New Jersey,2/1/2019,320368087,12732738,0.04,1981251
New Jersey,3/1/2019,372451342,31669387,0.085,4020740
New Jersey,4/1/2019,313719562,21215748,0.068,2826247
New Jersey,5/1/2019,318940677,15536384,0.049,2137480
New Jersey,6/1/2019,273222975,9701926,0.036,1254851
New Jersey,7/1/2019,251371272,17884790,0.071,2364941
New Jersey,8/1/2019,293594862,25210342,0.086,3316918
New Jersey,9/1/2019,445563503,37955171,0.085,5028107
New Jersey,10/1/2019,487924504,46393537,0.095,6241133
New Jersey,11/1/2019,562675543,32895546,0.058,4457889
New Jersey,12/1/2019,557786161,29424884,0.053,4108749
New Jersey,1/1/2020,540113452,53561626,0.099,7261470
New Jersey,2/1/2020,494814107,17000928,0.034,2461238
New Jersey,3/1/2020,181908529,13181101,0.072,1897069
New Jersey,4/1/2020,54593092,2634050,0.048,390347
New Jersey,5/1/2020,117821281,9912062,0.084,1427101
New Jersey,6/1/2020,165014553,12639282,0.077,1811121
New Jersey,7/1/2020,315118805,29551986,0.094,4041649
New Jersey,8/1/2020,667979150,39507182,0.059,5413671
New Jersey,9/1/2020,748037246,45127763,0.06,6169023
New Jersey,10/1/2020,801196298,58403209,0.073,8166439
New Jersey,11/1/2020,930367718,50410546,0.054,6851928
New Jersey,12/1/2020,995567756,66301567,0.067,9091303
New Jersey,1/1/2021,957353407,82209293,0.086,11341542
New Jersey,2/1/2021,742849328,46222846,0.062,6367031
New Jersey,3/1/2021,857732524,60624773,0.071,8495171
New Jersey,4/1/2021,746810150,54711189,0.073,7452186
New Jersey,5/1/2021,813517681,52826372,0.065,7405859
New Jersey,6/1/2021,765665331,71134768,0.093,9620806
New Jersey,7/1/2021,576917625,54800465,0.095,7591288
New Jersey,8/1/2021,664675859,52023081,0.078,7329603
New Jersey,9/1/2021,1011114311,82280645,0.081,11212782
New Jersey,10/1/2021,1303198342,84311810,0.065,11661062
New Jersey,11/1/2021,1258189436,114788726,0.091,16038097
New Jersey,12/1/2021,1229561891,59047673,0.048,8221034
New Jersey,1/1/2022,1348860083,60195902,0.045,8774160
New Jersey,2/1/2022,985568313,30873369,0.031,4678782
New Jersey,3/1/2022,1120904954,66404370,0.059,9068529
New Jersey,4/1/2022,926946780,50345808,0.054,7055550
New Jersey,5/1/2022,766412352,61594016,0.08,8773059
New Jersey,6/1/2022,633184861,39245213,0.062,5404026
New Jersey,7/1/2022,531888333,45007343,0.085,6386976
New Jersey,8/1/2022,546774395,65272385,0.119,9138137
New Jersey,9/1/2022,866719412,97981122,0.113,13352085
New Jersey,10/1/2022,1060154535,77907041,0.073,10853450
New Jersey,11/1/2022,1101622966,80426931,0.073,11497129
New Jersey,12/1/2022,1055556994,87701471,0.083,12444016
New Jersey,1/1/2023,1082233033,72330439,0.067,10345867
New Jersey,2/1/2023,847405611,54621220,0.064,7808167
New Jersey,3/1/2023,1025779225,93039999,0.091,13083369
New Jersey,4/1/2023,833980925,72304036,0.087,10118510
New Jersey,5/1/2023,778854263,82165404,0.105,11496202
New Jersey,6/1/2023,591081897,66356838,0.112,9218174
New Jersey,7/1/2023,587019749,61013433,0.104,8467678
New Jersey,8/1/2023,725849450,96041019,0.132,13546446
New Jersey,9/1/2023,1299016274,111145385,0.086,15658931
New Jersey,10/1/2023,1293468722,92258295,0.071,12951849
New Jersey,11/1/2023,1623072184,95889050,0.059,13508016
New Jersey,12/1/2023,1284558956,109516484,0.085,15314259
New Jersey,1/1/2024,1719170088,170758334,0.099,24161228
New Jersey,2/1/2024,1081171835,67564386,0.062,9539850
New Jersey,3/1/2024,1329069282,110140745,0.083,15514765
New Jersey,4/1/2024,1044283588,79620490,0.076,11346206
New Jersey,5/1/2024,838946057,78750983,0.094,11354892
New Jersey,6/1/2024,743583899,60066927,0.081,8572940
New York,7/1/2019,1365470,349468,0.256,34947
New York,8/1/2019,4647958,828152,0.178,82815
New York,9/1/2019,13060944,2283864,0.175,228386
New York,10/1/2019,14852615,2233227,0.15,223323
New York,11/1/2019,17161294,1308295,0.076,130830
New York,12/1/2019,16872506,780417,0.046,78042
New York,1/1/2020,17169303,1943351,0.113,194335
New York,2/1/2020,12872999,-179592,-0.014,-17959
New York,3/1/2020,4186276,99514,0.024,9951
New York,4/1/2020,0,0,,0
New York,5/1/2020,0,0,,0
New York,6/1/2020,0,0,,0
New York,7/1/2020,0,0,,0
New York,8/1/2020,0,0,,0
New York,9/1/2020,10092604,1403544,0.139,140354
New York,10/1/2020,18107259,2623464,0.145,262346
New York,11/1/2020,17096321,2619676,0.153,261968
New York,12/1/2020,18584384,2258771,0.122,225877
New York,1/1/2021,20942309,3569855,0.17,356986
New York,2/1/2021,14018760,1153275,0.082,115327
New York,3/1/2021,16529015,1845684,0.112,184568
New York,4/1/2021,13537156,1322623,0.098,132262
New York,5/1/2021,14145742,1590113,0.112,159011
New York,6/1/2021,14239819,1858642,0.131,185864
New York,7/1/2021,9338107,1273621,0.136,127362
New York,8/1/2021,9153603,1080570,0.118,108057
New York,9/1/2021,17355781,3187045,0.184,318704
New York,10/1/2021,25567296,1718615,0.067,171861
New York,11/1/2021,21519094,3956491,0.184,395649
New York,12/1/2021,21129981,764615,0.036,76461
New York,1/1/2022,1686263898,123810126,0.073,63277984
New York,2/1/2022,1534078892,82149599,0.054,41995722
New York,3/1/2022,1644789691,114956204,0.07,58351263
New York,4/1/2022,1396791941,104535898,0.075,53151656
New York,5/1/2022,1269862570,110418075,0.087,56055234
New York,6/1/2022,1056694011,72441501,0.069,36936704
New York,7/1/2022,804966381,73880416,0.092,37449978
New York,8/1/2022,877407454,100760793,0.115,50912979
New York,9/1/2022,1265553629,145039867,0.115,73270471
New York,10/1/2022,1555051006,146845937,0.094,74403028
New York,11/1/2022,1564144672,149244901,0.095,75695441
New York,12/1/2022,1632469011,142969451,0.088,72422558
New York,1/1/2023,1799048366,149886749,0.083,76253908
New York,2/1/2023,1474299932,108470835,0.074,55242679
New York,3/1/2023,1792885345,163582116,0.091,83117519
New York,4/1/2023,1550014914,139265045,0.09,70842936
New York,5/1/2023,1363794316,152643135,0.112,77571580
New York,6/1/2023,1170989676,103956640,0.089,51883313
New York,7/1/2023,966555215,105510883,0.109,53655339
New York,8/1/2023,1118163959,99241793,0.089,50310977
New York,9/1/2023,1767913849,166834226,0.094,84563885
New York,10/1/2023,2017133484,167327704,0.083,84927344
New York,11/1/2023,2122331713,151291345,0.071,76999480
New York,12/1/2023,2053736710,189287146,0.092,96131764
New York,1/1/2024,1965468151,211706706,0.108,107887645
New York,2/1/2024,1779072192,131315621,0.074,67016794
New York,3/1/2024,1854674065,152553937,0.082,77451054
New York,4/1/2024,1969945755,184032347,0.093,93757818
New York,5/1/2024,1978317034,203760343,0.103,103748517
New York,6/1/2024,1477842947,134169779,0.091,68328721
North Carolina,3/1/2024,657246516,66496213,0.101,9974432
North Carolina,4/1/2024,643653645,105251673,0.164,15787751
North Carolina,5/1/2024,521747982,63080347,0.121,9462052
North Carolina,6/1/2024,395044526,40302263,0.102,6045339
Ohio,1/1/2023,1090962383,209588460,0.192,20960774
Ohio,2/1/2023,635426359,80948666,0.127,8105312
Ohio,3/1/2023,732913170,94818023,0.129,9485427
Ohio,4/1/2023,515184616,63250102,0.123,6332871
Ohio,5/1/2023,441711971,57826959,0.131,5787967
Ohio,6/1/2023,357571919,32623897,0.091,3277310
Ohio,7/1/2023,328811653,37273216,0.113,7466419
Ohio,8/1/2023,375076377,40786643,0.109,8175341
Ohio,9/1/2023,686244860,81639905,0.119,16375764
Ohio,10/1/2023,742945929,80385098,0.108,16148132
Ohio,11/1/2023,861170611,67855418,0.079,13650718
Ohio,12/1/2023,826100577,87235462,0.106,17486186
Ohio,1/1/2024,806149042,113367294,0.141,22697038
Ohio,2/1/2024,666845011,66374384,0.1,13549429
Ohio,3/1/2024,803788678,63854035,0.079,12804401
Ohio,4/1/2024,668027816,74028160,0.111,14813313
Ohio,5/1/2024,606573141,67365769,0.111,13506810
Oregon,10/1/2019,5605244,220396,0.039,110198
Oregon,11/1/2019,17115418,960713,0.056,480357
Oregon,12/1/2019,22551454,1743231,0.077,871616
Oregon,1/1/2020,21151594,1773805,0.084,886903
Oregon,2/1/2020,20899824,1481198,0.071,740599
Oregon,3/1/2020,9007678,937750,0.104,468875
Oregon,4/1/2020,4430649,392769,0.089,196385
Oregon,5/1/2020,7290190,598062,0.082,299031
Oregon,6/1/2020,7921865,777904,0.098,388952
Oregon,7/1/2020,14042424,1003039,0.071,501520
Oregon,8/1/2020,25845402,1662406,0.064,831203
Oregon,9/1/2020,26174305,1527244,0.058,763622
Oregon,10/1/2020,29455226,2751146,0.093,1375573
Oregon,11/1/2020,25039883,4116313,0.164,2058157
Oregon,12/1/2020,26987301,3050783,0.113,1525392
Oregon,1/1/2021,34935889,3872606,0.111,1936303
Oregon,2/1/2021,29600150,2684776,0.091,1342388
Oregon,3/1/2021,24054959,1374379,0.057,687190
Oregon,4/1/2021,25323060,2729278,0.108,1364639
Oregon,5/1/2021,27780213,2350289,0.085,1175145
Oregon,6/1/2021,24903118,2841767,0.114,1420884
Oregon,7/1/2021,18189572,2173573,0.119,1086787
Oregon,8/1/2021,17686201,1063136,0.06,531568
Oregon,9/1/2021,25070340,1259745,0.05,629873
Oregon,10/1/2021,37639043,3022299,0.08,1511150
Oregon,11/1/2021,32673216,4428659,0.136,2214330
Oregon,12/1/2021,33743753,2597501,0.077,1298751
Oregon,1/1/2022,42899736,2389280,0.056,1194640
Oregon,2/1/2022,39458431,3335165,0.085,1667583
Oregon,3/1/2022,36208012,3620610,0.1,1810305
Oregon,4/1/2022,42936414,3824163,0.089,1912082
Oregon,5/1/2022,41708882,5034037,0.121,2517019
Oregon,6/1/2022,33966897,2548191,0.075,1274096
Oregon,7/1/2022,28453425,2700257,0.095,1350129
Oregon,8/1/2022,28196192,2707041,0.096,1353521
Oregon,9/1/2022,39292036,5465182,0.139,2732591
Oregon,10/1/2022,55555465,5783451,0.104,2891726
Oregon,11/1/2022,55503997,6418578,0.116,3209289
Oregon,12/1/2022,53806188,5693398,0.106,2846699
Oregon,1/1/2023,62328292,7546964,0.121,3773482
Oregon,2/1/2023,48425409,4261284,0.088,2130642
Oregon,3/1/2023,50456710,6088343,0.121,3044172
Oregon,4/1/2023,55167184,7051979,0.128,3525990
Oregon,5/1/2023,52122284,6462472,0.124,3231236
Oregon,6/1/2023,43861201,4336367,0.099,2168184
Oregon,7/1/2023,40428203,4150626,0.103,2075313
Oregon,8/1/2023,44542070,3507635,0.079,1753818
Oregon,9/1/2023,61354332,6720396,0.11,3360198
Oregon,10/1/2023,71903468,8545271,0.119,4272636
Oregon,11/1/2023,71231497,7292146,0.102,3646073
Oregon,12/1/2023,74112183,9766102,0.132,4883051
Oregon,1/1/2024,69889711,9898882,0.142,4949441
Oregon,2/1/2024,67902925,7786241,0.115,3893121
Oregon,3/1/2024,69398182,7298922,0.105,3649461
Oregon,4/1/2024,72297347,7370254,0.102,3685127
Pennsylvania,11/1/2018,1414587,508997,0.36,183239
Pennsylvania,12/1/2018,16173090,2007592,0.124,722733
Pennsylvania,1/1/2019,32011839,2607215,0.081,938597
Pennsylvania,2/1/2019,31500742,1946817,0.062,700854
Pennsylvania,3/1/2019,44527575,5519340,0.124,1986962
Pennsylvania,4/1/2019,36769145,4221482,0.115,1519734
Pennsylvania,5/1/2019,35934215,2861852,0.08,1030267
Pennsylvania,6/1/2019,46334244,3126380,0.067,740455
Pennsylvania,7/1/2019,59331959,5074431,0.086,1026769
Pennsylvania,8/1/2019,109038051,9887738,0.091,2201406
Pennsylvania,9/1/2019,194504622,19334816,0.099,5359994
Pennsylvania,10/1/2019,241186066,19116777,0.079,5381370
Pennsylvania,11/1/2019,316468264,20570772,0.065,5299447
Pennsylvania,12/1/2019,342560389,17459091,0.051,4094813
Pennsylvania,1/1/2020,348381708,31580803,0.091,8222829
Pennsylvania,2/1/2020,329765782,11432097,0.035,1700011
Pennsylvania,3/1/2020,131330059,8606120,0.066,2480132
Pennsylvania,4/1/2020,46015988,3202680,0.07,1038049
Pennsylvania,5/1/2020,77510033,5918697,0.076,1738436
Pennsylvania,6/1/2020,89002562,7959790,0.089,2397657
Pennsylvania,7/1/2020,164782229,13651865,0.083,2933093
Pennsylvania,8/1/2020,364985422,27593677,0.076,6578667
Pennsylvania,9/1/2020,462787392,18278779,0.039,2257158
Pennsylvania,10/1/2020,525802524,47834647,0.091,13239693
Pennsylvania,11/1/2020,491910713,48500443,0.099,13446089
Pennsylvania,12/1/2020,548590065,45344348,0.083,12261434
Pennsylvania,1/1/2021,615294827,49305268,0.08,12229342
Pennsylvania,2/1/2021,509547820,33171120,0.065,5896731
Pennsylvania,3/1/2021,560259181,41029269,0.073,10566844
Pennsylvania,4/1/2021,479411021,36033727,0.075,9466734
Pennsylvania,5/1/2021,447465027,37419313,0.084,9988734
Pennsylvania,6/1/2021,420193377,42495332,0.101,12321187
Pennsylvania,7/1/2021,304415503,27482519,0.09,7148225
Pennsylvania,8/1/2021,348520369,25315958,0.073,6482608
Pennsylvania,9/1/2021,578760746,48113670,0.083,10171364
Pennsylvania,10/1/2021,776277954,42282405,0.054,8471814
Pennsylvania,11/1/2021,761574597,84921693,0.112,22920716
Pennsylvania,12/1/2021,750388696,37953474,0.051,6774396
Pennsylvania,1/1/2022,793722787,53403655,0.067,11581175
Pennsylvania,2/1/2022,597064049,22160553,0.037,-159425
Pennsylvania,3/1/2022,714976578,48512264,0.068,10944209
Pennsylvania,4/1/2022,572817741,49083331,0.086,12120141
Pennsylvania,5/1/2022,493350519,47828553,0.097,12603546
Pennsylvania,6/1/2022,393494222,22889554,0.058,4597039
Pennsylvania,7/1/2022,336507932,33226517,0.099,9160020
Pennsylvania,8/1/2022,363046972,42185145,0.116,12223188
Pennsylvania,9/1/2022,645242681,75319093,0.117,18078109
Pennsylvania,10/1/2022,797124732,61519576,0.077,14585047
Pennsylvania,11/1/2022,789230672,69997949,0.089,19037133
Pennsylvania,12/1/2022,754849873,71238770,0.094,19664738
Pennsylvania,1/1/2023,772293543,57983054,0.075,14130499
Pennsylvania,2/1/2023,599574795,62220957,0.104,15565188
Pennsylvania,3/1/2023,723567880,66472109,0.092,18234574
Pennsylvania,4/1/2023,572172929,51791466,0.091,13334805
Pennsylvania,5/1/2023,495606075,57534901,0.116,14798069
Pennsylvania,6/1/2023,373197330,33868719,0.091,8302345
Pennsylvania,7/1/2023,338469149,39413145,0.116,11554768
Pennsylvania,8/1/2023,393027699,30623078,0.078,7932535
Pennsylvania,9/1/2023,726314855,66117904,0.091,13190909
Pennsylvania,10/1/2023,829069257,73645815,0.089,17339283
Pennsylvania,11/1/2023,934179622,49162024,0.053,4643308
Pennsylvania,12/1/2023,925626447,98111216,0.106,26107175
Pennsylvania,1/1/2024,858152503,97681399,0.114,25172653
Pennsylvania,2/1/2024,661740812,50425678,0.076,10890946
Pennsylvania,3/1/2024,800718332,63715603,0.08,16409365
Pennsylvania,4/1/2024,646061065,59050708,0.091,15268504
Pennsylvania,5/1/2024,591912627,61680936,0.104,15916627
Pennsylvania,6/1/2024,464534792,42998076,0.093,10761524
Rhode Island,11/1/2018,682714,72997,0.107,37228
Rhode Island,12/1/2018,13087999,957913,0.073,488536
Rhode Island,1/1/2019,19051125,159978,0.008,81589
Rhode Island,2/1/2019,20686618,-890623,-0.043,-454218
Rhode Island,3/1/2019,23582716,1548230,0.066,789597
Rhode Island,4/1/2019,16859818,1970110,0.117,1004756
Rhode Island,5/1/2019,18900152,899165,0.048,458574
Rhode Island,6/1/2019,14736667,2149999,0.146,1096499
Rhode Island,7/1/2019,8321947,827579,0.099,422065
Rhode Island,8/1/2019,10060066,851788,0.085,434412
Rhode Island,9/1/2019,22195789,2516059,0.113,1283190
Rhode Island,10/1/2019,28281025,2457137,0.087,1253140
Rhode Island,11/1/2019,31465062,2745517,0.087,1400214
Rhode Island,12/1/2019,31670511,2571755,0.081,1311595
Rhode Island,1/1/2020,26939692,3279241,0.122,1672413
Rhode Island,2/1/2020,28147862,2323432,0.083,1184950
Rhode Island,3/1/2020,8949157,841767,0.094,429301
Rhode Island,4/1/2020,591377,27381,0.046,13964
Rhode Island,5/1/2020,1533114,163472,0.107,83371
Rhode Island,6/1/2020,2032803,101328,0.05,51677
Rhode Island,7/1/2020,6738626,351425,0.052,179227
Rhode Island,8/1/2020,23116965,1423391,0.062,725929
Rhode Island,9/1/2020,31293150,2352788,0.075,1199922
Rhode Island,10/1/2020,34704413,4388841,0.126,2238309
Rhode Island,11/1/2020,35098445,6281321,0.179,3203474
Rhode Island,12/1/2020,22770472,2533090,0.111,1291876
Rhode Island,1/1/2021,39817327,3717199,0.093,1895771
Rhode Island,2/1/2021,34110104,1555824,0.046,793470
Rhode Island,3/1/2021,38583919,3976140,0.103,2027831
Rhode Island,4/1/2021,29040966,3168532,0.109,1615951
Rhode Island,5/1/2021,28252139,2772910,0.098,1414184
Rhode Island,6/1/2021,29468571,3666029,0.124,1869675
Rhode Island,7/1/2021,22095960,3263276,0.148,1664271
Rhode Island,8/1/2021,24042834,1129859,0.047,576228
Rhode Island,9/1/2021,41203997,4012295,0.097,2046270
Rhode Island,10/1/2021,60158844,3608570,0.06,1840371
Rhode Island,11/1/2021,52747831,6703144,0.127,3418603
Rhode Island,12/1/2021,54935498,1177717,0.021,600636
Rhode Island,1/1/2022,58614487,5228277,0.089,2666421
Rhode Island,2/1/2022,42143261,3566393,0.085,1818860
Rhode Island,3/1/2022,45766958,3738223,0.082,1906494
Rhode Island,4/1/2022,40186632,2632134,0.065,1342388
Rhode Island,5/1/2022,41103489,2336733,0.057,1191734
Rhode Island,6/1/2022,34229823,2352896,0.069,1199977
Rhode Island,7/1/2022,25208531,2872076,0.114,1464759
Rhode Island,8/1/2022,27744694,3000421,0.108,1530215
Rhode Island,9/1/2022,41670257,6361823,0.153,3244530
Rhode Island,10/1/2022,55527937,6156914,0.111,3140026
Rhode Island,11/1/2022,61208319,4862856,0.079,2480057
Rhode Island,12/1/2022,59205426,6189316,0.105,3156551
Rhode Island,1/1/2023,62317384,5164799,0.083,2634047
Rhode Island,2/1/2023,43065996,3612113,0.084,1842178
Rhode Island,3/1/2023,41546643,3968567,0.096,2023969
Rhode Island,4/1/2023,37496094,3009679,0.08,1534936
Rhode Island,5/1/2023,30754497,3898405,0.127,1988187
Rhode Island,6/1/2023,23723659,1783530,0.075,909600
Rhode Island,7/1/2023,20238844,1896983,0.094,967461
Rhode Island,8/1/2023,22472561,1365807,0.061,696562
Rhode Island,9/1/2023,37645368,3472089,0.092,1770765
Rhode Island,10/1/2023,45840376,4545634,0.099,2318273
Rhode Island,11/1/2023,48277794,3413200,0.071,1740732
Rhode Island,12/1/2023,47904210,4147010,0.087,2114975
Rhode Island,1/1/2024,44808686,4999921,0.112,2549960
Rhode Island,2/1/2024,38758578,2888343,0.075,1473055
Rhode Island,3/1/2024,44895394,3103076,0.069,1582569
Rhode Island,4/1/2024,37709038,2740781,0.073,1397798
Rhode Island,5/1/2024,37252539,3343552,0.09,1705212
South Dakota,11/1/2020,131444523,13224908,0.101,2363918
South Dakota,12/1/2020,180900000,13900000,0.077,3080000
South Dakota,1/1/2021,211300000,20900000,0.099,4300000
South Dakota,2/1/2021,176300000,13000000,0.074,2600000
South Dakota,3/1/2021,205900000,18000000,0.087,3200000
South Dakota,4/1/2021,172400000,15500000,0.09,2800000
South Dakota,5/1/2021,160900000,15400000,0.096,2700000
South Dakota,6/1/2021,174500000,18300000,0.105,3200000
South Dakota,7/1/2021,144559000,15172000,0.105,2600000
South Dakota,8/1/2021,144500000,13200000,0.091,2000000
South Dakota,9/1/2021,257300000,25600000,0.099,3300000
South Dakota,10/1/2021,375300000,23300000,0.062,3400000
South Dakota,11/1/2021,365700000,36900000,0.101,5900000
South Dakota,12/1/2021,341800000,24600000,0.072,3300000
South Dakota,1/1/2022,386059756,36249453,0.094,5817504
South Dakota,2/1/2022,313298305,20945018,0.067,3026574
South Dakota,3/1/2022,370230004,26520468,0.072,4550242
South Dakota,4/1/2022,292796670,27142800,0.093,4649129
South Dakota,5/1/2022,261582468,27315928,0.104,4766458
South Dakota,6/1/2022,215774186,15855649,0.073,2559649
South Dakota,7/1/2022,182769323,18174226,0.099,3668804
South Dakota,8/1/2022,205863860,27200883,0.132,4875847
South Dakota,9/1/2022,336933437,46285200,0.137,8716963
South Dakota,10/1/2022,405337575,37295159,0.092,6989818
South Dakota,11/1/2022,439456908,47248222,0.108,9030021
South Dakota,12/1/2022,440445414,49176885,0.112,9401952
South Dakota,1/1/2023,410773606,41392586,0.101,7269600
South Dakota,2/1/2023,327326201,33943931,0.104,6380150
South Dakota,3/1/2023,392667304,45506700,0.116,8752898
South Dakota,4/1/2023,318416216,34257592,0.108,6435653
South Dakota,5/1/2023,279794996,37097192,0.133,7145077
South Dakota,6/1/2023,230337515,25526655,0.111,4635761
South Dakota,7/1/2023,214114055,21411406,0.1,3951411
South Dakota,8/1/2023,243456822,24345682,0.1,4462942
South Dakota,9/1/2023,418063447,41806345,0.1,7715705
South Dakota,10/1/2023,445192913,44519291,0.1,8190461
South Dakota,11/1/2023,517141377,51714138,0.1,9513707
South Dakota,12/1/2023,495067783,49506778,0.1,9104148
South Dakota,1/1/2024,465810583,46581058,0.1,8596621
South Dakota,2/1/2024,380390401,38039040,0.1,6980317
South Dakota,3/1/2024,473595403,47359540,0.1,8710419
South Dakota,4/1/2024,380904093,38090409,0.1,7029494
South Dakota,5/1/2024,379220245,37922025,0.1,6998418
South Dakota,6/1/2024,342198408,34219841,0.1,6315166
Tennessee,11/1/2020,131444523,13224908,0.101,2363918
Tennessee,12/1/2020,180900000,13900000,0.077,3080000
Tennessee,1/1/2021,211300000,20900000,0.099,4300000
Tennessee,2/1/2021,176300000,13000000,0.074,2600000
Tennessee,3/1/2021,205900000,18000000,0.087,3200000
Tennessee,4/1/2021,172400000,15500000,0.09,2800000
Tennessee,5/1/2021,160900000,15400000,0.096,2700000
Tennessee,6/1/2021,174500000,18300000,0.105,3200000
Tennessee,7/1/2021,144559000,15172000,0.105,2600000
Tennessee,8/1/2021,144500000,13200000,0.091,2000000
Tennessee,9/1/2021,257300000,25600000,0.099,3300000
Tennessee,10/1/2021,375300000,23300000,0.062,3400000
Tennessee,11/1/2021,365700000,36900000,0.101,5900000
Tennessee,12/1/2021,341800000,24600000,0.072,3300000
Tennessee,1/1/2022,386059756,36249453,0.094,5817504
Tennessee,2/1/2022,313298305,20945018,0.067,3026574
Tennessee,3/1/2022,370230004,26520468,0.072,4550242
Tennessee,4/1/2022,292796670,27142800,0.093,4649129
Tennessee,5/1/2022,261582468,27315928,0.104,4766458
Tennessee,6/1/2022,215774186,15855649,0.073,2559649
Tennessee,7/1/2022,182769323,18174226,0.099,3668804
Tennessee,8/1/2022,205863860,27200883,0.132,4875847
Tennessee,9/1/2022,336933437,46285200,0.137,8716963
Tennessee,10/1/2022,405337575,37295159,0.092,6989818
Tennessee,11/1/2022,439456908,47248222,0.108,9030021
Tennessee,12/1/2022,440445414,49176885,0.112,9401952
Tennessee,1/1/2023,410773606,41392586,0.101,7269600
Tennessee,2/1/2023,327326201,33943931,0.104,6380150
Tennessee,3/1/2023,392667304,45506700,0.116,8752898
Tennessee,4/1/2023,318416216,34257592,0.108,6435653
Tennessee,5/1/2023,279794996,37097192,0.133,7145077
Tennessee,6/1/2023,230337515,25526655,0.111,4635761
Tennessee,7/1/2023,214114055,21411406,0.1,3951411
Tennessee,8/1/2023,243456822,24345682,0.1,4462942
Tennessee,9/1/2023,418063447,41806345,0.1,7715705
Tennessee,10/1/2023,445192913,44519291,0.1,8190461
Tennessee,11/1/2023,517141377,51714138,0.1,9513707
Tennessee,12/1/2023,495067783,49506778,0.1,9104148
Tennessee,1/1/2024,465810583,46581058,0.1,8596621
Tennessee,2/1/2024,380390401,38039040,0.1,6980317
Tennessee,3/1/2024,473595403,47359540,0.1,8710419
Tennessee,4/1/2024,380904093,38090409,0.1,7029494
Tennessee,5/1/2024,379220245,37922025,0.1,6998418
Tennessee,6/1/2024,342198408,34219841,0.1,6315166
Vermont,1/1/2024,19913914,4211298,0.211,2293406
Vermont,2/1/2024,21249830,2547167,0.12,1463748
Vermont,3/1/2024,19935678,1514552,0.076,870688
Vermont,4/1/2024,14109291,1492655,0.106,879524
Vermont,5/1/2024,9847757,996083,0.101,597434
Vermont,6/1/2024,6625872,679578,0.103,388784
Virginia,1/1/2021,58896564,3586077,0.061,39710
Virginia,2/1/2021,265778306,12238780,0.046,300594
Virginia,3/1/2021,304066245,26573877,0.087,1183488
Virginia,4/1/2021,236432524,19442317,0.082,1652147
Virginia,5/1/2021,226963573,23173549,0.102,2381116
Virginia,6/1/2021,234943435,22006296,0.094,2273995
Virginia,7/1/2021,161901955,19965556,0.123,1864433
Virginia,8/1/2021,182418252,17967427,0.098,1378540
Virginia,9/1/2021,293851531,30929243,0.105,1557499
Virginia,10/1/2021,427320306,30160385,0.071,1746204
Virginia,11/1/2021,402621132,48337037,0.12,4233167
Virginia,12/1/2021,426596891,31515015,0.074,1729130
Virginia,1/1/2022,485544417,39050067,0.08,2876609
Virginia,2/1/2022,401889135,27498133,0.068,1406280
Virginia,3/1/2022,469484017,33700016,0.072,2116289
Virginia,4/1/2022,399478366,36275264,0.091,3040327
Virginia,5/1/2022,351452931,42537524,0.121,3896270
Virginia,6/1/2022,295235271,25965182,0.088,1871961
Virginia,7/1/2022,266001583,26024408,0.098,3060304
Virginia,8/1/2022,284671331,36978897,0.13,4474132
Virginia,9/1/2022,411273323,53821382,0.131,7257403
Virginia,10/1/2022,528029938,51164199,0.097,6956643
Virginia,11/1/2022,518818987,57531255,0.111,7782639
Virginia,12/1/2022,503075150,50687278,0.101,7026829
Virginia,1/1/2023,510982033,49393812,0.097,6368899
Virginia,2/1/2023,433807108,39766908,0.092,4682125
Virginia,3/1/2023,511614541,55258910,0.108,7413213
Virginia,4/1/2023,425982859,45121878,0.106,5799965
Virginia,5/1/2023,403719160,48144550,0.119,6285305
Virginia,6/1/2023,325455052,32668024,0.1,3939701
Virginia,7/1/2023,293611789,32471396,0.111,4115218
Virginia,8/1/2023,319005942,32359888,0.101,4155221
Virginia,9/1/2023,520304187,54081414,0.104,7040532
Virginia,10/1/2023,571354817,63996952,0.112,8550197
Virginia,11/1/2023,638831057,43003244,0.067,5480552
Virginia,12/1/2023,633181758,63607011,0.1,8465776
Virginia,1/1/2024,652879750,74337290,0.114,9932122
Virginia,2/1/2024,540138289,49715723,0.092,6342927
Virginia,3/1/2024,635593137,47694659,0.075,6251083
Virginia,4/1/2024,563495540,60594585,0.108,8210372
Virginia,5/1/2024,505594450,59966999,0.119,8087375
West Virginia,8/1/2018,305192,196945,0.645,19695
West Virginia,9/1/2018,7333626,1967318,0.268,196732
West Virginia,10/1/2018,11147951,854974,0.077,85497
West Virginia,11/1/2018,13826231,1207363,0.087,120736
West Virginia,12/1/2018,15183234,2396963,0.158,239696
West Virginia,1/1/2019,19740035,1400944,0.071,140094
West Virginia,2/1/2019,16845338,228286,0.014,22829
West Virginia,3/1/2019,15088168,1818636,0.121,183773
West Virginia,4/1/2019,10978040,699185,0.064,69918
West Virginia,5/1/2019,9429073,719098,0.076,71910
West Virginia,6/1/2019,7925849,425216,0.054,42522
West Virginia,7/1/2019,6944761,694934,0.1,69493
West Virginia,8/1/2019,11563468,1536864,0.133,153686
West Virginia,9/1/2019,27508921,4119457,0.15,411946
West Virginia,10/1/2019,32833393,3197821,0.097,319782
West Virginia,11/1/2019,35268743,1884367,0.053,188437
West Virginia,12/1/2019,34159637,2709585,0.079,270959
West Virginia,1/1/2020,39140547,3035253,0.078,303525
West Virginia,2/1/2020,40914714,-397120,-0.01,-39712
West Virginia,3/1/2020,14901577,1118217,0.075,111822
West Virginia,4/1/2020,2465138,129540,0.053,12954
West Virginia,5/1/2020,5466523,576709,0.105,57671
West Virginia,6/1/2020,6147910,541070,0.088,54107
West Virginia,7/1/2020,15072228,1522249,0.101,152225
West Virginia,8/1/2020,45185356,2294328,0.051,229433
West Virginia,9/1/2020,67610819,4129595,0.061,412960
West Virginia,10/1/2020,49997860,3950324,0.079,395032
West Virginia,11/1/2020,52271787,4886566,0.093,488657
West Virginia,12/1/2020,61566896,5499992,0.089,549999
West Virginia,1/1/2021,57103775,4891256,0.086,489126
West Virginia,2/1/2021,38015260,1024272,0.027,102427
West Virginia,3/1/2021,45917290,4311297,0.094,431130
West Virginia,4/1/2021,28995033,2241951,0.077,224195
West Virginia,5/1/2021,28264642,2928370,0.104,292837
West Virginia,6/1/2021,28054400,3318278,0.118,331828
West Virginia,7/1/2021,21290275,2295743,0.108,229574
West Virginia,8/1/2021,26131251,2685271,0.103,268527
West Virginia,9/1/2021,52193627,6128575,0.117,612858
West Virginia,10/1/2021,68074615,3160579,0.046,316058
West Virginia,11/1/2021,88190136,6983136,0.079,698314
West Virginia,12/1/2021,64710557,5159229,0.08,515923
West Virginia,1/1/2022,65125042,4528101,0.07,452810
West Virginia,2/1/2022,48476816,1904490,0.039,190449
West Virginia,3/1/2022,55672438,3117541,0.056,311754
West Virginia,4/1/2022,38655331,3067780,0.079,306778
West Virginia,5/1/2022,40439679,3748227,0.093,374823
West Virginia,6/1/2022,30145409,2066930,0.069,206693
West Virginia,7/1/2022,25769135,2706044,0.105,270604
West Virginia,8/1/2022,28553358,3455974,0.121,345597
West Virginia,9/1/2022,49859709,7217919,0.145,721792
West Virginia,10/1/2022,56968266,5427011,0.095,542701
West Virginia,11/1/2022,72947153,5521747,0.076,552175
West Virginia,12/1/2022,58705514,8060617,0.137,806062
West Virginia,1/1/2023,49384637,4019360,0.081,401936
West Virginia,2/1/2023,39740983,2726640,0.069,272664
West Virginia,3/1/2023,45538667,4469377,0.098,446938
West Virginia,4/1/2023,40827987,3107176,0.076,310718
West Virginia,5/1/2023,35140816,3849531,0.11,384953
West Virginia,6/1/2023,23695286,2053727,0.087,205373
West Virginia,7/1/2023,22301062,2719702,0.122,271970
West Virginia,8/1/2023,23959192,2595871,0.108,259587
West Virginia,9/1/2023,44472879,4333428,0.097,433343
West Virginia,10/1/2023,47737777,6376269,0.134,637627
West Virginia,11/1/2023,56419080,5155090,0.091,515509
West Virginia,12/1/2023,54009052,6317472,0.117,631747
West Virginia,1/1/2024,50562352,6472412,0.128,647241
West Virginia,2/1/2024,39271363,3545481,0.09,354548
West Virginia,3/1/2024,47219129,4411150,0.093,441115
West Virginia,4/1/2024,36508941,3729072,0.102,372907
West Virginia,5/1/2024,32951615,3707617,0.113,370762
West Virginia,6/1/2024,27404227,3417618,0.125,341762
Wyoming,9/1/2021,6242469,954416,0.153,-12398
Wyoming,10/1/2021,10847657,881200,0.081,16021
Wyoming,11/1/2021,10973008,1363696,0.124,86499
Wyoming,12/1/2021,12285012,813504,0.066,21792
Wyoming,1/1/2022,13977632,1098460,0.079,46565
Wyoming,2/1/2022,10301603,722631,0.07,18824
Wyoming,3/1/2022,12704938,1101236,0.087,44806
Wyoming,4/1/2022,9995920,1007796,0.101,51187
Wyoming,5/1/2022,9340833,1011714,0.108,53163
Wyoming,6/1/2022,7322852,673269,0.092,38036
Wyoming,7/1/2022,7246352,680740,0.094,38365
Wyoming,8/1/2022,10990904,1237815,0.113,85672
Wyoming,9/1/2022,13575173,1932519,0.142,115550
Wyoming,10/1/2022,17275317,2039620,0.118,115893
Wyoming,11/1/2022,16702867,1478158,0.088,100009
Wyoming,12/1/2022,15087739,1803272,0.12,135101
Wyoming,1/1/2023,14339351,1587273,0.111,94081
Wyoming,2/1/2023,11591163,1106141,0.095,54296
Wyoming,3/1/2023,14777639,1837412,0.124,130677
Wyoming,4/1/2023,12623675,1264212,0.1,82848
Wyoming,5/1/2023,12778371,1306929,0.102,81448
Wyoming,6/1/2023,9483450,775389,0.082,37705
Wyoming,7/1/2023,8145480,998740,0.123,68363
Wyoming,8/1/2023,10464584,1207821,0.115,84103
Wyoming,9/1/2023,19259607,1525986,0.079,51752
Wyoming,10/1/2023,21234828,2271665,0.107,141087
Wyoming,11/1/2023,18525420,1562756,0.084,96471
Wyoming,12/1/2023,19023734,1849624,0.097,139849
Wyoming,1/1/2024,20272552,2662550,0.131,177183
Wyoming,2/1/2024,15511286,1946594,0.125,114530
Wyoming,3/1/2024,17690741,1718721,0.097,112306
Wyoming,4/1/2024,15428621,1499242,0.097,94165
Wyoming,5/1/2024,12506784,1664699,0.133,115659
Wyoming,6/1/2024,10886389,1080628,0.099,61646